Date,Avg Case Closed Per CSE,Avg Case Closed Per CSA,Avg Case Closed Per TL,Avg Case Closed per Temp,Average Case Closed per CfS,Avg Case Closed per Sup,,,,,,,,,,,,,,,,,,
2-Oct (Sun),0,0,0,0,0,0,,,,,,,,,,,,,,,,,,
3-Oct (Mon),28,0,0,0,0,0,,,,,,,,,,,,,,,,,,
4-Oct (Tue),28,0,0,0,0,0,,,,,,,,,,,,,,,,,,
5-Oct (Wed),28,0,0,0,0,0,,,,,,,,,,,,,,,,,,
6-Oct (Thu),28,0,0,0,0,0,,,,,,,,,,,,,,,,,,
7-Oct (Fri),36,0,0,0,0,0,,,,,,,,,,,,,,,,,,
8-Oct (Sat),19,0,0,0,0,0,,,,,,,,,,,,,,,,,,
9-Oct (Sun),0,0,0,0,0,0,,,,,,,,,,,,,,,,,,
10-Oct (Mon),32,0,0,0,0,0,,,,,,,,,,,,,,,,,,
11-Oct (Tue),30,0,0,0,0,0,,,,,,,,,,,,,,,,,,
12-Oct (Wed),30,0,0,0,0,0,,,,,,,,,,,,,,,,,,
13-Oct (Thu),30,0,0,0,0,0,,,,,,,,,,,,,,,,,,..
14-Oct (Fri),32,0,0,0,0,0,,,,,,,,,,,,,,,,,,
15-Oct (Sat),22,0,0,0,0,0,,,,,,,,,,,,,,,,,,
16-Oct (Sun),0,0,0,0,0,0,,,,,,,,,,,,,,,,,,
17-Oct (Mon),29,0,0,0,0,0,,,,,,,,,,,,,,,,,,
18-Oct (Tue),32,0,0,0,0,0,,,,,,,,,,,,,,,,,,
19-Oct (Wed),29,0,0,0,0,0,,,,,,,,,,,,,,,,,,
20-Oct (Thu),28,0,0,0,0,0,,,,,,,,,,,,,,,,,,
21-Oct (Fri),27,0,0,0,0,0,,,,,,,,,,,,,,,,,,
22-Oct (Sat),0,0,0,0,0,0,,,,,,,,,,,,,,,,,,
23-Oct (Sun),0,0,0,0,0,0,,,,,,,,,,,,,,,,,,
24-Oct (Mon),0,0,0,0,0,0,,,,,,,,,,,,,,,,,,
25-Oct (Tue),28,0,0,0,0,0,,,,,,,,,,,,,,,,,,
26-Oct (Wed),27,0,0,0,0,0,,,,,,,,,,,,,,,,,,
27-Oct (Thu),32,0,0,0,0,0,,,,,,,,,,,,,,,,,,
28-Oct (Fri),28,0,0,0,0,0,,,,,,,,,,,,,,,,,,
29-Oct (Sat),3,0,0,0,0,0,,,,,,,,,,,,,,,,,,
30-Oct (Sun),0,0,0,0,0,0,,,,,,,,,,,,,,,,,,
31-Oct (Mon),30,0,0,0,0,0,,,,,,,,,,,,,,,,,,
1-Nov (Tue),32,0,0,0,0,0,,,,,,,,,,,,,,,,,,
2-Nov (Wed),31,0,0,0,0,0,,,,,,,,,,,,,,,,,,
3-Nov (Thu),29,0,0,0,0,0,,,,,,,,,,,,,,,,,,
4-Nov (Fri),34,0,0,0,0,0,,,,,,,,,,,,,,,,,,
5-Nov (Sat),0,0,0,0,0,0,,,,,,,,,,,,,,,,,,
6-Nov (Sun),10,0,0,0,0,0,,,,,,,,,,,,,,,,,,
7-Nov (Mon),30,0,0,0,0,0,,,,,,,,,,,,,,,,,,
8-Nov (Tue),32,0,0,0,0,0,,,,,,,,,,,,,,,,,,
9-Nov (Wed),35,0,13,0,0,0,,,,,,,,,,,,,,,,,,
10-Nov (Thu),33,0,0,0,0,0,,,,,,,,,,,,,,,,,,
11-Nov (Fri),32,0,0,0,0,0,,,,,,,,,,,,,,,,,,
12-Nov (Sat),1,0,8,0,0,0,,,,,,,,,,,,,,,,,,
13-Nov (Sun),6,0,5,0,0,0,,,,,,,,,,,,,,,,,,
14-Nov (Mon),32,0,10,0,0,0,,,,,,,,,,,,,,,,,,
15-Nov (Tue),32,0,10,0,0,0,,,,,,,,,,,,,,,,,,
16-Nov (Wed),32,0,5,0,0,0,,,,,,,,,,,,,,,,,,
17-Nov (Thu),31,0,0,0,0,0,,,,,,,,,,,,,,,,,,
18-Nov (Fri),39,0,0,0,0,0,,,,,,,,,,,,,,,,,,
19-Nov (Sat),17,0,17,0,0,0,,,,,,,,,,,,,,,,,,
20-Nov (Sun),42,0,16,0,0,0,,,,,,,,,,,,,,,,,,
21-Nov (Mon),31,0,16,0,0,0,,,,,,,,,,,,,,,,,,
22-Nov (Tue),37,0,9,0,0,0,,,,,,,,,,,,,,,,,,
23-Nov (Wed),34,0,21,0,0,0,,,,,,,,,,,,,,,,,,
24-Nov (Thu),30,0,0,0,0,0,,,,,,,,,,,,,,,,,,
25-Nov (Fri),35,0,0,0,0,0,,,,,,,,,,,,,,,,,,
26-Nov (Sat),22,0,12,0,0,0,,,,,,,,,,,,,,,,,,
27-Nov (Sun),0,0,7,0,0,0,,,,,,,,,,,,,,,,,,
28-Nov (Mon),31,0,12,0,0,0,,,,,,,,,,,,,,,,,,
29-Nov (Tue),27,0,19,0,0,0,,,,,,,,,,,,,,,,,,
30-Nov (Wed),30,0,22,0,0,0,,,,,,,,,,,,,,,,,,
1-Dec (Thu),27,0,0,0,0,0,,,,,,,,,,,,,,,,,,
2-Dec (Fri),33,0,0,0,0,0,,,,,,,,,,,,,,,,,,
3-Dec (Sat),26,0,26,0,0,0,,,,,,,,,,,,,,,,,,
4-Dec (Sun),7,0,25,0,0,0,,,,,,,,,,,,,,,,,,
5-Dec (Mon),28,0,24,0,0,0,,,,,,,,,,,,,,,,,,
6-Dec (Tue),28,0,42,0,0,0,,,,,,,,,,,,,,,,,,
7-Dec (Wed),25,0,41,0,0,0,,,,,,,,,,,,,,,,,,
8-Dec (Thu),26,0,0,0,0,0,,,,,,,,,,,,,,,,,,
9-Dec (Fri),32,0,0,0,0,0,,,,,,,,,,,,,,,,,,
10-Dec (Sat),19,0,34,0,0,0,,,,,,,,,,,,,,,,,,
11-Dec (Sun),0,0,32,0,0,0,,,,,,,,,,,,,,,,,,
12-Dec (Mon),31,0,36,0,0,0,,,,,,,,,,,,,,,,,,
13-Dec (Tue),32,0,29,0,0,0,,,,,,,,,,,,,,,,,,
14-Dec (Wed),26,0,42,0,0,0,,,,,,,,,,,,,,,,,,
15-Dec (Thu),27,0,0,0,0,0,,,,,,,,,,,,,,,,,,
16-Dec (Fri),37,0,0,0,0,0,,,,,,,,,,,,,,,,,,
17-Dec (Sat),30,0,30,0,0,0,,,,,,,,,,,,,,,,,,
18-Dec (Sun),22,0,29,0,0,0,,,,,,,,,,,,,,,,,,
19-Dec (Mon),30,0,20,0,0,0,,,,,,,,,,,,,,,,,,
20-Dec (Tue),28,0,30,0,0,0,,,,,,,,,,,,,,,,,,
21-Dec (Wed),26,0,35,0,0,0,,,,,,,,,,,,,,,,,,
22-Dec (Thu),27,0,0,0,0,0,,,,,,,,,,,,,,,,,,
23-Dec (Fri),30,0,0,0,0,0,,,,,,,,,,,,,,,,,,
24-Dec (Sat),0,0,0,0,0,0,,,,,,,,,,,,,,,,,,
25-Dec (Sun),0,0,37,0,0,0,,,,,,,,,,,,,,,,,,
26-Dec (Mon),2,0,32,0,0,0,,,,,,,,,,,,,,,,,,
27-Dec (Tue),29,0,27,0,0,0,,,,,,,,,,,,,,,,,,
28-Dec (Wed),30,0,19,0,0,0,,,,,,,,,,,,,,,,,,
29-Dec (Thu),26,0,17,0,0,0,,,,,,,,,,,,,,,,,,
30-Dec (Fri),30,0,0,0,0,0,,,,,,,,,,,,,,,,,,
31-Dec (Sat),3,0,0,0,0,0,,,,,,,,,,,,,,,,,,
1-Jan (Sun),5,0,19,0,0,0,,,,,,,,,,,,,,,,,,
2-Jan (Mon),14,0,33,0,0,0,,,,,,,,,,,,,,,,,,
3-Jan (Tue),31,0,39,0,0,0,,,,,,,,,,,,,,,,,,
4-Jan (Wed),30,0,25,0,0,0,,,,,,,,,,,,,,,,,,
5-Jan (Thu),27,0,13,0,0,0,,,,,,,,,,,,,,,,,,
6-Jan (Fri),27,0,24,0,0,0,,,,,,,,,,,,,,,,,,
7-Jan (Sat),25,0,38,0,0,0,,,,,,,,,,,,,,,,,,
8-Jan (Sun),23,0,45,0,0,0,,,,,,,,,,,,,,,,,,
9-Jan (Mon),36,0,37,0,0,0,,,,,,,,,,,,,,,,,,
10-Jan (Tue),42,0,33,0,0,0,,,,,,,,,,,,,,,,,,
11-Jan (Wed),42,0,35,0,0,0,,,,,,,,,,,,,,,,,,
12-Jan (Thu),36,0,25,0,0,0,,,,,,,,,,,,,,,,,,
13-Jan (Fri),32,0,16,0,0,0,,,,,,,,,,,,,,,,,,
14-Jan (Sat),24,0,39,0,0,0,,,,,,,,,,,,,,,,,,
15-Jan (Sun),23,0,32,0,0,0,,,,,,,,,,,,,,,,,,
16-Jan (Mon),32,0,33,0,0,0,,,,,,,,,,,,,,,,,,
17-Jan (Tue),35,0,31,43,0,0,,,,,,,,,,,,,,,,,,
18-Jan (Wed),33,0,37,48,0,0,,,,,,,,,,,,,,,,,,
19-Jan (Thu),32,0,0,44,0,0,,,,,,,,,,,,,,,,,,
20-Jan (Fri),36,0,0,69,0,0,,,,,,,,,,,,,,,,,,
21-Jan (Sat),20,0,0,0,0,0,,,,,,,,,,,,,,,,,,
22-Jan (Sun),0,0,0,0,0,0,,,,,,,,,,,,,,,,,,
23-Jan (Mon),11,0,32,0,0,0,,,,,,,,,,,,,,,,,,
24-Jan (Tue),5,0,35,0,0,0,,,,,,,,,,,,,,,,,,
25-Jan (Wed),29,0,40,36,0,0,,,,,,,,,,,,,,,,,,
26-Jan (Thu),32,0,9,38,0,0,,,,,,,,,,,,,,,,,,
27-Jan (Fri),28,0,15,25,0,0,,,,,,,,,,,,,,,,,,
28-Jan (Sat),4,0,38,0,0,0,,,,,,,,,,,,,,,,,,
29-Jan (Sun),1,0,37,0,0,0,,,,,,,,,,,,,,,,,,
30-Jan (Mon),29,0,40,77,0,0,,,,,,,,,,,,,,,,,,
31-Jan (Tue),33,0,29,82,0,0,,,,,,,,,,,,,,,,,,
1-Feb (Wed),27,0,33,37,0,0,,,,,,,,,,,,,,,,,,
2-Feb (Thu),30,0,0,48,0,0,,,,,,,,,,,,,,,,,,
3-Feb (Fri),33,0,0,54,0,0,,,,,,,,,,,,,,,,,,
4-Feb (Sat),0,0,42,0,0,0,,,,,,,,,,,,,,,,,,
5-Feb (Sun),0,0,39,0,0,0,,,,,,,,,,,,,,,,,,
6-Feb (Mon),32,0,25,67,0,0,,,,,,,,,,,,,,,,,,
7-Feb (Tue),33,0,25,63,0,0,,,,,,,,,,,,,,,,,,
8-Feb (Wed),28,0,21,51,0,0,,,,,,,,,,,,,,,,,,
9-Feb (Thu),34,0,0,0,0,0,,,,,,,,,,,,,,,,,,
10-Feb (Fri),41,0,0,0,0,0,,,,,,,,,,,,,,,,,,
11-Feb (Sat),0,0,15,0,0,0,,,,,,,,,,,,,,,,,,
12-Feb (Sun),0,0,16,0,0,0,,,,,,,,,,,,,,,,,,
13-Feb (Mon),32,0,26,0,0,0,,,,,,,,,,,,,,,,,,
14-Feb (Tue),31,0,15,0,0,0,,,,,,,,,,,,,,,,,,
15-Feb (Wed),32,0,4,0,0,0,,,,,,,,,,,,,,,,,,
16-Feb (Thu),35,0,0,0,0,0,,,,,,,,,,,,,,,,,,
17-Feb (Fri),32,0,0,0,0,0,,,,,,,,,,,,,,,,,,
18-Feb (Sat),2,0,10,0,0,0,,,,,,,,,,,,,,,,,,
19-Feb (Sun),7,0,26,0,0,0,,,,,,,,,,,,,,,,,,
20-Feb (Mon),38,0,23,0,0,0,,,,,,,,,,,,,,,,,,
21-Feb (Tue),31,0,13,0,0,0,,,,,,,,,,,,,,,,,,
22-Feb (Wed),35,0,24,0,0,0,,,,,,,,,,,,,,,,,,
23-Feb (Thu),35,0,0,0,0,0,,,,,,,,,,,,,,,,,,
24-Feb (Fri),37,0,0,0,0,0,,,,,,,,,,,,,,,,,,
25-Feb (Sat),5,0,22,0,0,0,,,,,,,,,,,,,,,,,,
26-Feb (Sun),13,0,11,0,0,0,,,,,,,,,,,,,,,,,,
27-Feb (Mon),28,0,14,0,0,0,,,,,,,,,,,,,,,,,,
28-Feb (Tue),34,0,23,0,0,0,,,,,,,,,,,,,,,,,,
1-Mar (Wed),30,0,19,0,0,0,,,,,,,,,,,,,,,,,,
2-Mar (Thu),27,0,6,0,0,0,,,,,,,,,,,,,,,,,,
3-Mar (Fri),33,0,6,0,0,0,,,,,,,,,,,,,,,,,,
4-Mar (Sat),11,0,36,0,0,0,,,,,,,,,,,,,,,,,,
5-Mar (Sun),1,0,32,0,0,0,,,,,,,,,,,,,,,,,,
6-Mar (Mon),31,0,33,16,0,0,,,,,,,,,,,,,,,,,,
7-Mar (Tue),33,0,32,12,0,0,,,,,,,,,,,,,,,,,,
8-Mar (Wed),28,0,18,24,0,0,,,,,,,,,,,,,,,,,,
9-Mar (Thu),37,0,0,224,0,0,,,,,,,,,,,,,,,,,,
10-Mar (Fri),41,0,0,78,0,0,,,,,,,,,,,,,,,,,,
11-Mar (Sat),6,0,42,0,0,0,,,,,,,,,,,,,,,,,,
12-Mar (Sun),6,0,30,0,0,0,,,,,,,,,,,,,,,,,,
13-Mar (Mon),39,0,0,135,0,0,,,,,,,,,,,,,,,,,,
14-Mar (Tue),37,0,0,0,0,0,,,,,,,,,,,,,,,,,,
15-Mar (Wed),40,0,11,0,0,0,,,,,,,,,,,,,,,,,,
16-Mar (Thu),34,0,0,0,0,0,,,,,,,,,,,,,,,,,,
17-Mar (Fri),44,0,0,0,0,0,,,,,,,,,,,,,,,,,,
18 Mar (Sat),0,0,18,0,0,0,,,,,,,,,,,,,,,,,,
19 Mar (Sun),0,0,18,0,0,0,,,,,,,,,,,,,,,,,,
20 Mar (Mon),35,0,22,0,0,0,,,,,,,,,,,,,,,,,,
21 Mar (Tue),35,0,24,0,0,0,,,,,,,,,,,,,,,,,,
22 Mar (Wed),35,0,20,31,0,0,,,,,,,,,,,,,,,,,,
23 Mar (Thu),33,0,0,0,0,0,,,,,,,,,,,,,,,,,,
24 Mar (Fri),38,0,0,0,0,0,,,,,,,,,,,,,,,,,,
25 Mar (Sat),0,0,8,0,0,0,,,,,,,,,,,,,,,,,,
26 Mar (Sun),0,0,6,0,0,0,,,,,,,,,,,,,,,,,,
27 Mar (Mon),32,0,8,0,0,0,,,,,,,,,,,,,,,,,,
28 Mar (Tue),30,0,11,0,0,0,,,,,,,,,,,,,,,,,,
29 Mar (Wed),28,0,1,0,0,0,,,,,,,,,,,,,,,,,,
30 Mar (Thu),27,0,0,0,0,0,,,,,,,,,,,,,,,,,,
31 Mar (Fri),24,0,0,0,0,0,,,,,,,,,,,,,,,,,,
1 Apr (Sat),4,0,15,0,0,0,,,,,,,,,,,,,,,,,,
2 Apr (Sun),2,0,13,0,0,0,,,,,,,,,,,,,,,,,,
3 Apr (Mon),30,0,10,0,0,0,,,,,,,,,,,,,,,,,,
4 Apr (Tue),32,0,13,0,0,0,,,,,,,,,,,,,,,,,,
5 Apr (Wed),27,0,0,0,0,0,,,,,,,,,,,,,,,,,,
6 Apr (Thu),25,0,0,0,0,0,,,,,,,,,,,,,,,,,,
7 Apr (Fri),0,0,0,0,0,0,,,,,,,,,,,,,,,,,,
8 Apr (Sat),0,0,20,0,0,0,,,,,,,,,,,,,,,,,,
9 Apr (Sun),0,0,12,0,0,0,,,,,,,,,,,,,,,,,,
10 Apr (Mon),34,0,10,0,0,0,,,,,,,,,,,,,,,,,,
11 Apr (Tue),34,0,12,0,0,0,,,,,,,,,,,,,,,,,,
12 Apr (Wed),29,0,6,0,0,0,,,,,,,,,,,,,,,,,,
13 Apr (Thu),30,0,0,0,0,0,,,,,,,,,,,,,,,,,,
14 Apr (Fri),34,0,0,0,0,0,,,,,,,,,,,,,,,,,,
15 Apr (Sat),0,0,16,0,0,0,,,,,,,,,,,,,,,,,,
16 Apr (Sun),0,0,3,0,0,0,,,,,,,,,,,,,,,,,,
17 Apr (Mon),30,0,2,0,0,0,,,,,,,,,,,,,,,,,,
18 Apr (Tue),29,0,6,0,0,0,,,,,,,,,,,,,,,,,,
19 Apr (Wed),28,0,7,0,0,0,,,,,,,,,,,,,,,,,,
20 Apr (Thu),27,0,0,0,0,0,,,,,,,,,,,,,,,,,,
21 Apr (Fri),29,0,0,0,0,0,,,,,,,,,,,,,,,,,,
22 Apr (Sat),9,0,9,0,0,0,,,,,,,,,,,,,,,,,,
23 Apr (Sun),1,0,5,0,0,0,,,,,,,,,,,,,,,,,,
24 Apr (Mon),27,0,3,0,0,0,,,,,,,,,,,,,,,,,,
25 Apr (Tue),28,0,6,0,0,0,,,,,,,,,,,,,,,,,,
26 Apr (Wed),29,0,4,0,0,0,,,,,,,,,,,,,,,,,,
27 Apr (Thu),25,0,0,0,0,0,,,,,,,,,,,,,,,,,,
28 Apr (Fri),25,0,0,0,0,0,,,,,,,,,,,,,,,,,,
29 Apr (Sat),9,0,0,0,0,0,,,,,,,,,,,,,,,,,,
30 Apr (Sun),1,0,3,0,0,0,,,,,,,,,,,,,,,,,,
1 May (Mon),0,0,8,0,0,0,,,,,,,,,,,,,,,,,,
2 May (Tue),24,0,8,23,0,0,,,,,,,,,,,,,,,,,,
3 May (Wed),32,0,6,25,0,0,,,,,,,,,,,,,,,,,,
4 May (Thu),22,0,8,16,0,0,,,,,,,,,,,,,,,,,,
5 May (Fri),29,0,0,17,0,0,,,,,,,,,,,,,,,,,,
6 May (Sat),1,0,10,0,0,0,,,,,,,,,,,,,,,,,,
7 May (Sun),1,0,11,0,0,0,,,,,,,,,,,,,,,,,,
8 May (Mon),34,0,5,23,0,0,,,,,,,,,,,,,,,,,,
9 May (Tue),29,0,3,0,0,0,,,,,,,,,,,,,,,,,,
10 May (Wed),28,0,7,0,0,0,,,,,,,,,,,,,,,,,,
11 May (Thu),24,0,1,0,0,0,,,,,,,,,,,,,,,,,,
12 May (Fri),31,0,0,0,0,0,,,,,,,,,,,,,,,,,,
13 May (Sat),9,0,3,0,0,0,,,,,,,,,,,,,,,,,,
14 May (Sun),0,0,4,0,0,0,,,,,,,,,,,,,,,,,,
15 May (Mon),30,0,4,0,0,0,,,,,,,,,,,,,,,,,,
16 May (Tue),29,0,2,0,0,0,,,,,,,,,,,,,,,,,,
17 May (Wed),28,0,4,0,0,0,,,,,,,,,,,,,,,,,,
18 May (Thu),28,0,0,0,0,0,,,,,,,,,,,,,,,,,,
19 May (Fri),24,0,0,0,0,0,,,,,,,,,,,,,,,,,,
20 May(Sat),0,0,4,0,0,0,,,,,,,,,,,,,,,,,,
21 May(Sun),0,0,1,0,0,0,,,,,,,,,,,,,,,,,,
22 May(Mon),26,0,6,19,0,0,,,,,,,,,,,,,,,,,,
23 May (Tue),21,0,4,23,0,0,,,,,,,,,,,,,,,,,,
24 May (Wed),22,0,0,19,0,0,,,,,,,,,,,,,,,,,,
25 May(Thu),26,0,0,21,0,0,,,,,,,,,,,,,,,,,,
26 May(Fri),24,0,2,16,0,0,,,,,,,,,,,,,,,,,,
27 May(Sat),11,0,4,0,0,0,,,,,,,,,,,,,,,,,,
28 May(Sun),1,0,4,0,0,0,,,,,,,,,,,,,,,,,,
29 May(Mon),19,0,2,20,0,0,,,,,,,,,,,,,,,,,,
30 May(Tue),26,0,14,23,0,0,,,,,,,,,,,,,,,,,,
31 May(Wed),26,0,0,15,0,0,,,,,,,,,,,,,,,,,,
1 Jun(Thu),28,0,0,19,0,0,,,,,,,,,,,,,,,,,,
2 Jun(Fri),0,0,0,0,0,0,,,,,,,,,,,,,,,,,,
3 Jun(Sat),0,0,3,0,0,0,,,,,,,,,,,,,,,,,,
4 Jun(Sun),1,0,4,0,0,0,,,,,,,,,,,,,,,,,,
5 Jun(Mon),29,0,6,0,0,0,,,,,,,,,,,,,,,,,,
6 Jun(Tue),29,0,15,0,0,0,,,,,,,,,,,,,,,,,,
7 Jun(Wed),27,0,8,0,0,0,,,,,,,,,,,,,,,,,,
8 Jun (Thu),25,0,0,0,0,0,,,,,,,,,,,,,,,,,,
9 Jun (Fri),27,0,0,0,0,0,,,,,,,,,,,,,,,,,,
10 Jun (Sat),0,0,2,0,0,0,,,,,,,,,,,,,,,,,,
11 Jun (Sun),0,0,3,0,0,0,,,,,,,,,,,,,,,,,,
12 Jun (Mon),22,0,5,22,0,0,,,,,,,,,,,,,,,,,,
13 Jun (Tue),24,0,6,17,0,0,,,,,,,,,,,,,,,,,,
14 Jun (Wed),24,0,5,17,0,0,,,,,,,,,,,,,,,,,,
15 Jun (Thu),27,0,0,23,0,0,,,,,,,,,,,,,,,,,,
16 Jun (Fri),24,0,0,22,0,0,,,,,,,,,,,,,,,,,,
17 Jun (Sat),2,0,5,0,0,0,,,,,,,,,,,,,,,,,,
18 Jun (Sun),0,0,9,0,0,0,,,,,,,,,,,,,,,,,,
19 Jun (Mon),22,0,5,22,0,0,,,,,,,,,,,,,,,,,,
20 Jun (Tue),23,0,5,15,0,0,,,,,,,,,,,,,,,,,,
21 Jun (Wed),24,0,5,32,0,0,,,,,,,,,,,,,,,,,,
22 Jun (Thu),22,0,6,21,0,0,,,,,,,,,,,,,,,,,,
23 Jun (Fri),26,0,0,29,0,0,,,,,,,,,,,,,,,,,,
24 Jun (Sat),0,0,7,0,0,0,,,,,,,,,,,,,,,,,,
25 Jun (Sun),0,0,7,0,0,0,,,,,,,,,,,,,,,,,,
26 Jun (Mon),27,0,4,22,0,0,,,,,,,,,,,,,,,,,,
27 Jun (Tue),25,0,0,16,0,0,,,,,,,,,,,,,,,,,,
28 Jun (Wed),23,0,3,19,0,0,,,,,,,,,,,,,,,,,,
29 Jun (Thu),0,0,0,0,0,0,,,,,,,,,,,,,,,,,,
30 Jun (Fri),24,0,0,22,0,0,,,,,,,,,,,,,,,,,,
1 Jul (Sat),0,0,8,0,0,0,,,,,,,,,,,,,,,,,,
2 Jul (Sun),0,0,6,0,0,0,,,,,,,,,,,,,,,,,,
3 Jul (Mon),32,0,4,26,0,0,,,,,,,,,,,,,,,,,,
4 Jul (Tue),27,0,11,25,0,0,,,,,,,,,,,,,,,,,,
5 Jul (Wed),26,0,19,25,0,0,,,,,,,,,,,,,,,,,,
6 Jul (Thu),32,0,0,21,0,0,,,,,,,,,,,,,,,,,,
7 Jul (Fri),35,0,0,16,0,0,,,,,,,,,,,,,,,,,,
8 Jul (Sat),0,0,20,0,0,0,,,,,,,,,,,,,,,,,,
9 Jul (Sun),0,0,11,0,0,0,,,,,,,,,,,,,,,,,,
10 Jul (Mon),34,0,10,21,0,0,,,,,,,,,,,,,,,,,,
11 Jul (Tue),29,0,9,12,0,0,,,,,,,,,,,,,,,,,,
12 Jul (Wed),27,0,21,19,0,0,,,,,,,,,,,,,,,,,,
13 Jul (Thu),28,0,0,14,0,0,,,,,,,,,,,,,,,,,,
14 Jul (Fri),27,0,1,19,0,0,,,,,,,,,,,,,,,,,,
15 Jul (Sat),5,0,10,0,0,0,,,,,,,,,,,,,,,,,,
16 Jul (Sun),6,0,11,0,0,0,,,,,,,,,,,,,,,,,,
17 Jul (Mon),20,0,11,14,0,0,,,,,,,,,,,,,,,,,,
18 Jul (Tue),25,0,11,28,0,0,,,,,,,,,,,,,,,,,,
19 Jul (Wed),25,0,12,20,0,0,,,,,,,,,,,,,,,,,,
20 Jul (Thu),25,0,0,13,0,0,,,,,,,,,,,,,,,,,,
21 Jul (Fri),20,0,0,12,0,0,,,,,,,,,,,,,,,,,,
22 Jul (Sat),0,0,5,0,0,0,,,,,,,,,,,,,,,,,,
23 Jul (Sun),0,0,5,0,0,0,,,,,,,,,,,,,,,,,,
24 Jul (Mon),27,17,4,12,0,0,,,,,,,,,,,,,,,,,,
25 Jul (Tue),30,16,3,16,0,0,,,,,,,,,,,,,,,,,,
26 Jul (Wed),25,13,9,14,0,0,,,,,,,,,,,,,,,,,,
27 Jul (Thu),25,10,0,11,0,0,,,,,,,,,,,,,,,,,,
28 Jul (Fri),30,15,0,11,0,0,,,,,,,,,,,,,,,,,,
29 Jul (Sat),1,0,6,0,0,0,,,,,,,,,,,,,,,,,,
30 Jul (Sun),2,0,5,0,0,0,,,,,,,,,,,,,,,,,,
31 Jul (Mon),28,12,3,4,0,0,,,,,,,,,,,,,,,,,,
1 Aug (Tue),28,12,5,17,0,0,,,,,,,,,,,,,,,,,,
2 Aug (Wed),29,11,13,8,0,0,,,,,,,,,,,,,,,,,,
3 Aug (Thu),30,16,0,5,0,0,,,,,,,,,,,,,,,,,,
4 Aug (Fri),29,17,0,16,0,0,,,,,,,,,,,,,,,,,,
5 Aug (Sat),0,0,3,0,0,0,,,,,,,,,,,,,,,,,,
6 Aug (Sun),0,0,6,0,0,0,,,,,,,,,,,,,,,,,,
7 Aug (Mon),27,11,0,11,0,0,,,,,,,,,,,,,,,,,,
8 Aug (Tue),26,12,10,12,0,0,,,,,,,,,,,,,,,,,,
9 Aug (Wed),2,0,2,0,0,0,,,,,,,,,,,,,,,,,,
10 Aug (Thu),28,15,1,8,0,0,,,,,,,,,,,,,,,,,,
11 Aug (Fri),25,15,0,7,0,0,,,,,,,,,,,,,,,,,,
12 Aug (Sat),0,0,1,0,0,0,,,,,,,,,,,,,,,,,,
13 Aug (Sun),0,0,5,0,0,0,,,,,,,,,,,,,,,,,,
14 Aug (Mon),31,15,9,14,0,0,,,,,,,,,,,,,,,,,,
15 Aug (Tue),31,14,2,14,0,0,,,,,,,,,,,,,,,,,,
16 Aug (Wed),32,20,9,18,0,0,,,,,,,,,,,,,,,,,,
17 Aug (Thu),27,16,0,9,0,0,,,,,,,,,,,,,,,,,,
18 Aug (Fri),31,18,0,13,0,0,,,,,,,,,,,,,,,,,,
19 Aug (Sat),0,0,5,0,0,0,,,,,,,,,,,,,,,,,,
20 Aug (Sun),0,0,9,0,0,0,,,,,,,,,,,,,,,,,,
21 Aug (Mon),31,17,3,12,0,0,,,,,,,,,,,,,,,,,,
22 Aug (Tue),29,16,2,9,0,0,,,,,,,,,,,,,,,,,,
23 Aug (Wed),25,15,2,9,0,0,,,,,,,,,,,,,,,,,,
24 Aug (Thu),29,21,0,9,0,0,,,,,,,,,,,,,,,,,,
25 Aug (Fri),30,17,0,11,0,0,,,,,,,,,,,,,,,,,,
26 Aug (Sat),0,0,0,0,0,0,,,,,,,,,,,,,,,,,,
27 Aug (Sun),0,0,0,0,0,0,,,,,,,,,,,,,,,,,,
28 Aug (Mon),26,14,9,15,0,0,,,,,,,,,,,,,,,,,,
29 Aug (Tue),29,11,3,11,0,0,,,,,,,,,,,,,,,,,,
30 Aug (Wed),29,10,3,11,0,0,,,,,,,,,,,,,,,,,,
31 Aug (Thu),32,11,4,6,0,0,,,,,,,,,,,,,,,,,,
1 Sep (Fri),0,0,0,0,0,0,,,,,,,,,,,,,,,,,,
2 Sep (Sat),0,0,2,0,0,0,,,,,,,,,,,,,,,,,,
3 Sep (Sun),0,0,0,0,0,0,,,,,,,,,,,,,,,,,,
4 Sep (Mon),29,16,9,15,0,0,,,,,,,,,,,,,,,,,,
5 Sep (Tue),28,17,1,13,0,0,,,,,,,,,,,,,,,,,,
6 Sep (Wed),28,18,4,10,0,0,,,,,,,,,,,,,,,,,,
7 Sep (Thu),29,16,4,11,0,0,,,,,,,,,,,,,,,,,,
8 Sep (Fri),32,18,5,10,0,0,,,,,,,,,,,,,,,,,,
9 Sep (Sat),0,0,0,0,0,0,,,,,,,,,,,,,,,,,,
10 Sep (Sun),0,1,0,0,0,0,,,,,,,,,,,,,,,,,,
11 Sep (Mon),31,16,2,12,0,0,,,,,,,,,,,,,,,,,,
12 Sep (Tue),25,16,1,14,0,0,,,,,,,,,,,,,,,,,,
13 Sep (Wed),28,18,3,17,0,0,,,,,,,,,,,,,,,,,,
14 Sep (Thu),32,15,3,20,0,0,,,,,,,,,,,,,,,,,,
15 Sep (Fri),27,11,3,13,0,0,,,,,,,,,,,,,,,,,,
16 Sep (Sat),0,0,0,0,0,0,,,,,,,,,,,,,,,,,,
17 Sep (Sun),0,0,0,0,0,0,,,,,,,,,,,,,,,,,,
18 Sep (Mon),30,18,4,14,0,0,,,,,,,,,,,,,,,,,,
19 Sep (Tue),26,17,2,18,0,0,,,,,,,,,,,,,,,,,,
20 Sep (Wed),23,18,1,9,0,0,,,,,,,,,,,,,,,,,,
21 Sep (Thu),24,14,1,12,0,0,,,,,,,,,,,,,,,,,,
22 Sep (Fri),26,14,1,12,0,0,,,,,,,,,,,,,,,,,,
23 Sep (Sat),0,0,0,0,0,0,,,,,,,,,,,,,,,,,,
24 Sep (Sun),0,0,0,0,0,0,,,,,,,,,,,,,,,,,,
25 Sep (Mon),28,14,1,13,0,0,,,,,,,,,,,,,,,,,,
26 Sep (Tue),27,15,1,17,0,0,,,,,,,,,,,,,,,,,,
27 Sep (Wed),28,16,0,16,0,0,,,,,,,,,,,,,,,,,,
28 Sep (Thu),25,20,0,14,0,0,,,,,,,,,,,,,,,,,,
29 Sep (Fri),25,15,3,12,0,0,,,,,,,,,,,,,,,,,,
30 Sep (Sat),0,0,0,0,0,0,,,,,,,,,,,,,,,,,,
1 Oct (Sun),0,0,0,0,0,0,,,,,,,,,,,,,,,,,,
2 Oct (Mon),24,12,3,15,0,0,,,,,,,,,,,,,,,,,,
3 Oct (Tue),21,13,9,18,0,0,,,,,,,,,,,,,,,,,,
4 Oct (Wed),23,10,6,24,0,0,,,,,,,,,,,,,,,,,,
5 Oct (Thu),23,10,1,16,0,0,,,,,,,,,,,,,,,,,,
6 Oct (Fri),30,14,3,16,0,0,,,,,,,,,,,,,,,,,,
7 Oct (Sat),0,0,0,0,0,0,,,,,,,,,,,,,,,,,,
8 Oct (Sun),0,0,0,0,0,0,,,,,,,,,,,,,,,,,,
9 Oct (Mon),30,16,5,22,0,0,,,,,,,,,,,,,,,,,,
10 Oct (Tue),31,15,4,16,0,0,,,,,,,,,,,,,,,,,,
11 Oct (Wed),24,14,3,22,0,0,,,,,,,,,,,,,,,,,,
12 Oct (Thu),25,12,1,15,0,0,,,,,,,,,,,,,,,,,,
13 Oct (Fri),23,14,2,11,0,0,,,,,,,,,,,,,,,,,,
14 Oct (Sat),0,0,0,0,0,0,,,,,,,,,,,,,,,,,,
15 Oct (Sun),4,0,0,0,0,0,,,,,,,,,,,,,,,,,,
16 Oct (Mon),23,14,1,4,0,0,,,,,,,,,,,,,,,,,,
17 Oct (Tue),26,11,5,25,0,0,,,,,,,,,,,,,,,,,,
18 Oct (Wed),22,9,0,18,0,0,,,,,,,,,,,,,,,,,,
19 Oct (Thu),25,14,0,0,0,0,,,,,,,,,,,,,,,,,,
20 Oct (Fri),24,12,1,27,0,0,,,,,,,,,,,,,,,,,,
21 Oct (Sat),0,0,0,0,0,0,,,,,,,,,,,,,,,,,,
22 Oct (Sun),0,0,0,0,0,0,,,,,,,,,,,,,,,,,,
23 Oct (Mon),29,18,1,21,0,0,,,,,,,,,,,,,,,,,,
24 Oct (Tue),27,17,0,36,0,0,,,,,,,,,,,,,,,,,,
25 Oct (Wed),28,18,1,17,0,0,,,,,,,,,,,,,,,,,,
26 Oct (Thu),22,17,1,19,0,0,,,,,,,,,,,,,,,,,,
27 Oct (Fri),24,18,1,0,0,0,,,,,,,,,,,,,,,,,,
28 Oct (Sat),0,0,0,0,0,0,,,,,,,,,,,,,,,,,,
29 Oct (Sun),0,0,0,0,0,0,,,,,,,,,,,,,,,,,,
30 Oct (Mon),25,18,4,23,0,0,,,,,,,,,,,,,,,,,,
31 Oct (Tue),24,18,5,23,0,0,,,,,,,,,,,,,,,,,,
1 Nov (Wed),25,12,3,20,0,0,,,,,,,,,,,,,,,,,,
2 Nov (Thu),25,14,2,14,0,0,,,,,,,,,,,,,,,,,,
3 Nov (Fri),19,14,0,17,0,0,,,,,,,,,,,,,,,,,,
4 Nov (Sat),0,0,0,0,0,0,,,,,,,,,,,,,,,,,,
5 Nov (Sun),1,0,0,0,0,0,,,,,,,,,,,,,,,,,,
6 Nov (Mon),22,17,2,24,0,0,,,,,,,,,,,,,,,,,,
7 Nov (Tue),29,19,0,13,0,0,,,,,,,,,,,,,,,,,,
8 Nov (Wed),22,16,1,13,0,0,,,,,,,,,,,,,,,,,,
9 Nov (Thu),27,15,2,0,0,0,,,,,,,,,,,,,,,,,,
10 Nov (Fri),24,17,0,12,0,0,,,,,,,,,,,,,,,,,,
11 Nov (Sat),0,0,0,0,0,0,,,,,,,,,,,,,,,,,,
12 Nov (Sun),0,0,0,0,0,0,,,,,,,,,,,,,,,,,,
13 Nov (Mon),0,0,0,0,0,0,,,,,,,,,,,,,,,,,,
14 Nov (Tue),30,24,3,20,0,0,,,,,,,,,,,,,,,,,,
15 Nov (Wed),35,18,3,21,0,0,,,,,,,,,,,,,,,,,,
16 Nov (Thu),27,13,4,31,0,0,,,,,,,,,,,,,,,,,,
17 Nov (Fri),27,17,1,15,0,0,,,,,,,,,,,,,,,,,,
18 Nov (Sat),0,0,0,0,0,0,,,,,,,,,,,,,,,,,,
19 Nov (Sun),0,0,0,0,0,0,,,,,,,,,,,,,,,,,,
20 Nov (Mon),35,18,6,13,0,0,,,,,,,,,,,,,,,,,,
21 Nov (Tue),32,25,9,14,0,0,,,,,,,,,,,,,,,,,,
22 Nov (Wed),33,25,7,12,0,0,,,,,,,,,,,,,,,,,,
23 Nov (Thu),28,22,7,15,0,0,,,,,,,,,,,,,,,,,,
24 Nov (Fri),29,23,3,10,0,0,,,,,,,,,,,,,,,,,,
25 Nov (Sat),0,0,0,0,0,0,,,,,,,,,,,,,,,,,,
26 Nov (Sun),4,0,0,0,0,0,,,,,,,,,,,,,,,,,,
27 Nov (Mon),33,26,6,11,0,0,,,,,,,,,,,,,,,,,,
28 Nov (Tue),31,25,5,13,0,0,,,,,,,,,,,,,,,,,,
29 Nov (Wed),31,21,7,6,0,0,,,,,,,,,,,,,,,,,,
30 Nov (Thu),37,26,7,14,0,0,,,,,,,,,,,,,,,,,,
1 Dec (Fri),33,22,10,15,0,0,,,,,,,,,,,,,,,,,,
2 Dec (Sat),0,0,0,0,0,0,,,,,,,,,,,,,,,,,,
3 Dec (Sun),2,0,0,0,0,0,,,,,,,,,,,,,,,,,,
4 Dec (Mon),34,23,7,12,0,0,,,,,,,,,,,,,,,,,,
5 Dec (Tue),30,28,6,16,0,0,,,,,,,,,,,,,,,,,,
6 Dec (Wed),29,27,10,15,0,0,,,,,,,,,,,,,,,,,,
7 Dec (Thu),32,23,8,16,0,0,,,,,,,,,,,,,,,,,,
8 Dec (Fri),30,24,8,15,0,0,,,,,,,,,,,,,,,,,,
9 Dec (Sat),0,0,0,0,0,0,,,,,,,,,,,,,,,,,,
10 Dec (Sun),0,0,0,0,0,0,,,,,,,,,,,,,,,,,,
11 Dec (Mon),30,22,9,14,0,0,,,,,,,,,,,,,,,,,,
12 Dec (Tue),29,19,7,14,0,0,,,,,,,,,,,,,,,,,,
13 Dec (Wed),26,23,9,11,0,0,,,,,,,,,,,,,,,,,,
14 Dec (Thu),30,18,10,13,0,0,,,,,,,,,,,,,,,,,,
15 Dec (Fri),26,22,5,15,0,0,,,,,,,,,,,,,,,,,,
16 Dec (Sat),3,0,0,0,0,0,,,,,,,,,,,,,,,,,,
17 Dec (Sun),10,0,0,0,0,0,,,,,,,,,,,,,,,,,,
18 Dec (Mon),29,18,6,10,0,0,,,,,,,,,,,,,,,,,,
19 Dec (Tue),30,23,15,15,0,0,,,,,,,,,,,,,,,,,,
20 Dec (Wed),27,19,17,10,0,0,,,,,,,,,,,,,,,,,,
21 Dec (Thu),21,19,15,15,0,0,,,,,,,,,,,,,,,,,,
22 Dec (Fri),29,19,4,15,0,0,,,,,,,,,,,,,,,,,,
23 Dec (Sat),0,0,0,0,0,0,,,,,,,,,,,,,,,,,,
24 Dec (Sun),0,0,0,0,0,0,,,,,,,,,,,,,,,,,,
25 Dec (Mon),7,0,0,0,0,0,,,,,,,,,,,,,,,,,,
26 Dec (Tue),34,24,12,12,0,0,,,,,,,,,,,,,,,,,,
27 Dec (Wed),28,23,10,13,0,0,,,,,,,,,,,,,,,,,,
28 Dec (Thu),27,26,12,15,0,0,,,,,,,,,,,,,,,,,,
29 Dec (Fri),26,23,14,15,0,0,,,,,,,,,,,,,,,,,,
30 Dec (Sat),0,0,0,0,0,0,,,,,,,,,,,,,,,,,,
31 Dec (Sun),0,0,0,0,0,0,,,,,,,,,,,,,,,,,,
1 Jan (Mon),3,0,0,0,0,0,,,,,,,,,,,,,,,,,,
2 Jan (Tue),31,21,12,26,0,0,,,,,,,,,,,,,,,,,,
3 Jan (Wed),34,24,11,25,0,0,,,,,,,,,,,,,,,,,,
4 Jan (Thu),30,23,19,25,0,0,,,,,,,,,,,,,,,,,,
5 Jan (Fri),29,25,18,13,0,0,,,,,,,,,,,,,,,,,,
6 Jan (Sat),0,0,0,0,0,63,,,,,,,,,,,,,,,,,,
7 Jan (Sun),4,0,0,0,0,0,,,,,,,,,,,,,,,,,,
8 Jan (Mon),29,21,28,36,19,30,,,,,,,,,,,,,,,,,,
9 Jan (Tue),31,21,22,29,17,21,,,,,,,,,,,,,,,,,,
10 Jan (Wed),30,22,19,21,17,26,,,,,,,,,,,,,,,,,,
11 Jan (Thu),30,26,22,29,21,20,,,,,,,,,,,,,,,,,,
12 Jan (Fri),25,22,15,25,17,3,,,,,,,,,,,,,,,,,,
13 Jan (Sat),0,0,0,0,0,0,,,,,,,,,,,,,,,,,,
14 Jan (Sun),4,0,0,0,0,0,,,,,,,,,,,,,,,,,,
15 Jan (Mon),30,22,28,35,21,14,,,,,,,,,,,,,,,,,,
16 Jan (Tue),31,22,28,26,24,6,,,,,,,,,,,,,,,,,,
17 Jan (Wed),30,24,22,24,20,6,,,,,,,,,,,,,,,,,,
18 Jan (Thu),28,23,25,21,15,3,,,,,,,,,,,,,,,,,,
19 Jan (Fri),27,22,12,19,9,1,,,,,,,,,,,,,,,,,,
20 Jan (Sat),0,0,0,0,0,0,,,,,,,,,,,,,,,,,,
21 Jan (Sun),4,0,0,0,0,0,,,,,,,,,,,,,,,,,,
22 Jan (Mon),27,20,23,13,12,1,,,,,,,,,,,,,,,,,,
23 Jan (Tue),28,23,19,8,17,0,,,,,,,,,,,,,,,,,,
24 Jan (Wed),27,22,21,11,15,1,,,,,,,,,,,,,,,,,,
25 Jan (Thu),29,22,19,22,22,0,,,,,,,,,,,,,,,,,,
26 Jan (Fri),26,20,18,10,19,0,,,,,,,,,,,,,,,,,,
27 Jan (Sat),0,0,0,0,0,0,,,,,,,,,,,,,,,,,,
28 Jan (Sun),6,0,0,0,0,0,,,,,,,,,,,,,,,,,,
29 Jan (Mon),29,23,13,14,13,3,,,,,,,,,,,,,,,,,,
30 Jan (Tue),26,20,13,7,21,0,,,,,,,,,,,,,,,,,,
31 Jan (Wed),24,22,6,8,21,4,,,,,,,,,,,,,,,,,,
,,,,,,,,,,,,,,,,,,,,,,,,
,,,,,,,,,,,,,,,,,,,,,,,,
,,,,,,,,,,,,,,,,,,,,,,,,
,,,,,,,,,,,,,,,,,,,,,,,,
,,,,,,,,,,,,,,,,,,,,,,,,
,,,,,,,,,,,,,,,,,,,,,,,,
,,,,,,,,,,,,,,,,,,,,,,,,
,,,,,,,,,,,,,,,,,,,,,,,,
,,,,,,,,,,,,,,,,,,,,,,,,
,,,,,,,,,,,,,,,,,,,,,,,,
,,,,,,,,,,,,,,,,,,,,,,,,
,,,,,,,,,,,,,,,,,,,,,,,,
,,,,,,,,,,,,,,,,,,,,,,,,
,,,,,,,,,,,,,,,,,,,,,,,,
,,,,,,,,,,,,,,,,,,,,,,,,
,,,,,,,,,,,,,,,,,,,,,,,,
,,,,,,,,,,,,,,,,,,,,,,,,
,,,,,,,,,,,,,,,,,,,,,,,,
,,,,,,,,,,,,,,,,,,,,,,,,
,,,,,,,,,,,,,,,,,,,,,,,,
,,,,,,,,,,,,,,,,,,,,,,,,
,,,,,,,,,,,,,,,,,,,,,,,,
,,,,,,,,,,,,,,,,,,,,,,,,
,,,,,,,,,,,,,,,,,,,,,,,,
,,,,,,,,,,,,,,,,,,,,,,,,
,,,,,,,,,,,,,,,,,,,,,,,,
,,,,,,,,,,,,,,,,,,,,,,,,
